"ID","Description","GeneRatio","BgRatio","pvalue","p.adjust","qvalue","geneID","Count"
"chr11q13","chr11q13","chr11q13","22/705","434/40721",9.0134347143625e-06,0.00189282129001613,0.00183115042091786,"58473/84649/51083/23130/2348/25906/222/408/871/7108/81544/4041/4054/57571/1717/4296/81876/64837/7351/7405/283131/100506113",22
"chr17q25","chr17q25","chr17q25","15/705","297/40721",0.000241594269038016,0.0253673982489917,0.0245408915391248,"3993/332/9144/54868/201266/396/11322/9123/124565/2194/2548/124583/23580/55666/348262",15
